<?xml version="1.0" encoding="UTF-8"?>
<beans:beans xmlns="http://www.springframework.org/schema/mvc"
	xmlns:xsi="http://www.w3.org/2001/XMLSchema-instance"
	xmlns:beans="http://www.springframework.org/schema/beans"
	xmlns:context="http://www.springframework.org/schema/context"
	xsi:schemaLocation="http://www.springframework.org/schema/mvc https://www.springframework.org/schema/mvc/spring-mvc.xsd
		http://www.springframework.org/schema/beans https://www.springframework.org/schema/beans/spring-beans.xsd
		http://www.springframework.org/schema/context https://www.springframework.org/schema/context/spring-context.xsd">

	<!-- DispatcherServlet Context: defines this servlet's request-processing infrastructure -->
	
	<!-- Enables the Spring MVC @Controller programming model -->
	<annotation-driven />

	<!-- Handles HTTP GET requests for /resources/** by efficiently serving up static resources in the ${webappRoot}/resources directory -->
	<resources mapping="/resources/**" location="/resources/" />

	<!-- Resolves views selected for rendering by @Controllers to .jsp resources in the /WEB-INF/views directory -->
	<beans:bean class="org.springframework.web.servlet.view.InternalResourceViewResolver">
		<beans:property name="prefix" value="/WEB-INF/views/" />
		<beans:property name="suffix" value=".jsp" />
	</beans:bean>
	
	<context:component-scan base-package="com.tjoeun.springWEB7_Transaction" />
	
	<!-- 데이터베이스 연결 정보를 설정하는 DriverManagerDataSource 클래스의 bean을 설정한다. -->
	<beans:bean name="dataSource" class="org.springframework.jdbc.datasource.DriverManagerDataSource">
		<beans:property name="driverClassName" value="oracle.jdbc.driver.OracleDriver"/>
		<beans:property name="url" value="jdbc:oracle:thin:@localhost:1521:xe"/>
		<beans:property name="username" value="tjoeunit"/>
		<beans:property name="password" value="0000"/>
	</beans:bean>
	
	<!-- DriverManagerDataSource 클래스의 bean을 참조해서 데이터베이스와 연결하는 JdbcTemplate 클래스의 -->
	<!-- bean을 설정한다. -->
	<beans:bean name="template" class="org.springframework.jdbc.core.JdbcTemplate">
		<beans:property name="dataSource" ref="dataSource"/>
	</beans:bean>
	
	<!-- DriverManagerDataSource 클래스의 bean을 참조해서 트랜잭션을 처리하는 DataSourceTransactionManager -->
	<!-- 클래스의 bean을 설정한다. -->
	<beans:bean name="transactionManager" class="org.springframework.jdbc.datasource.DataSourceTransactionManager">
		<beans:property name="dataSource" ref="dataSource"/>
	</beans:bean>
	
	<!-- DataSourceTransactionManager 클래스의 bean을 참조해서 트랜잭션을 처리하는 TransactionTemplate -->
	<!-- 클래스의 bean을 설정한다. -->
	<beans:bean name="transactionTemplate" class="org.springframework.transaction.support.TransactionTemplate">
		<beans:property name="transactionManager" ref="transactionManager"></beans:property>
	</beans:bean>
	
	<!-- JdbcTemplate 클래스의 bean을 참조해서 DAO 클래스의 bean을 설정한다. -->
	<beans:bean name="dao" class="com.tjoeun.dao.TransactionDAO">
		<beans:property name="template" ref="template"/>
		<!-- PlatformTransactionManager 객체 초기화 -->
		<!-- <beans:property name="transactionManager" ref="transactionManager"/> -->
		<!-- TransactionTemplate 객체 초기화 -->
		<beans:property name="transactionTemplate" ref="transactionTemplate"/>
	</beans:bean>
	
</beans:beans>
